日期,開盤(元),最高(元),最低(元),收盤(元),成交量(張),外資買賣超(張),投信買賣超(張),自營商買賣超(張),法人合計(張),融資餘額(張),融券餘額(張),融資買進(張),融券賣出(張),MA5(元),MA10(元),MA20(元),MA60(元),Vol_MA5(張),Vol_MA20(張),MACD(元),MACD_Signal(元),MACD_Hist(元),K值(%),D值(%),RSI14(%),BB_Upper(元),BB_Mid(元),BB_Lower(元),BB_%B(%),BIAS5(%),BIAS20(%),量比(倍),訊號
2025-06-17,119.15,119.64,118.15,118.15,11021,-216.0,54.0,-35.0,-197.0,7313,24,145,6,,,,,,,,,,,,,,,,,,,,
2025-06-18,117.53,118.65,117.28,117.28,6844,-315.0,140.0,-35.0,-210.0,7363,21,89,2,,,,,,,,,,,,0.0,,,,,,,,RSI超賣
2025-06-19,117.28,117.9,114.3,114.43,10800,-761.0,-174.0,-4.0,-939.0,7532,73,263,57,,,,,,,,,,,,0.0,,,,,,,,RSI超賣 | 外投同步拋售
2025-06-20,114.43,115.42,111.95,113.06,35496,1673.0,-1888.0,-18.0,-233.0,7542,38,84,17,,,,,,,,,,,,0.0,,,,,,,,RSI超賣
2025-06-23,111.7,112.82,110.95,112.82,6514,261.0,-31.0,-5.0,225.0,7577,58,87,23,115.15,,,,14135,,,,,,,0.0,,,,,-2.02,,0.46,RSI超賣
2025-06-24,115.05,118.65,114.8,117.53,12659,713.0,179.0,7.0,899.0,7433,59,87,14,115.02,,,,14463,,,,,,,26.99,,,,,2.18,,0.88,RSI超賣 | 外投同步買進
2025-06-25,118.9,119.39,117.53,118.4,8259,199.0,-10.0,-34.0,155.0,7429,54,56,5,115.25,,,,14746,,,,,,,30.71,,,,,2.73,,0.56,
2025-06-26,119.02,119.52,118.15,118.9,7393,707.0,60.0,-190.0,577.0,7356,56,37,3,116.14,,,,14064,,,,,,,32.83,,,,,2.38,,0.53,外投同步買進
2025-06-27,119.64,123.12,119.52,121.75,19446,1885.0,84.0,-302.0,1667.0,7216,66,127,22,117.88,,,,10854,,,,,,,43.44,,,,,3.28,,1.79,外投同步買進
2025-06-30,121.75,122.0,120.39,120.39,6297,-89.0,7.0,-85.0,-167.0,7317,55,169,3,119.39,117.27,,,10811,,,,,,,40.18,,,,,0.84,,0.58,
2025-07-01,121.38,122.74,121.13,121.5,5869,496.0,25.0,6.0,527.0,7111,63,42,9,120.19,117.61,,,9453,,,,,84.33,,43.88,,,,,1.09,,0.62,外投同步買進
2025-07-02,121.38,123.49,121.13,123.24,9478,865.0,75.0,-14.0,926.0,6903,75,31,12,121.16,118.2,,,9697,,,,,87.42,,49.19,,,,,1.72,,0.98,外投同步買進
2025-07-03,124.11,124.61,123.12,123.99,9249,736.0,53.0,-17.0,772.0,6739,77,56,4,122.17,119.16,,,10068,,,,,93.39,88.38,51.33,,,,,1.49,,0.92,KD超買 | 外投同步買進
2025-07-04,124.61,125.6,121.13,121.13,11149,240.0,-654.0,3.0,-411.0,6858,76,220,8,122.05,119.96,,,8408,,,,,84.03,88.28,43.77,,,,,-0.75,,1.33,KD死叉 | KD超買
2025-07-07,121.5,121.88,119.39,120.26,5682,385.0,-300.0,2.0,87.0,6804,73,67,10,122.02,120.71,,,8285,,,,,62.63,80.02,41.75,,,,,-1.44,,0.69,KD死叉
2025-07-08,120.39,120.63,118.9,119.52,4253,2.0,-1.0,-0.0,1.0,6822,73,70,3,121.63,120.91,,,7962,,,,,36.94,61.2,40.06,,,,,-1.73,,0.53,KD死叉
2025-07-09,120.63,122.99,120.63,121.75,8349,621.0,-6.0,8.0,623.0,6792,69,97,2,121.33,121.24,,,7736,,,,,31.59,43.72,47.02,,,,,0.35,,1.08,KD死叉
2025-07-10,122.12,122.37,121.01,122.12,6675,494.0,-354.0,-14.0,126.0,6892,69,153,0,120.96,121.57,,,7222,,,,,36.33,34.95,48.1,,,,,0.96,,0.92,KD金叉
2025-07-11,122.12,122.74,120.63,120.88,6897,383.0,-33.0,6.0,356.0,6993,72,140,4,120.91,121.48,,,6371,,,,,40.05,35.99,44.81,,,,,-0.02,,1.08,KD金叉
2025-07-14,121.63,121.75,119.89,121.25,4647,115.0,-4.0,-16.0,95.0,7048,72,128,0,121.1,121.56,119.42,,6164,9849,,,,37.56,37.98,46.0,125.71,119.42,113.13,0.6456,0.12,1.53,0.75,KD死叉
2025-07-15,122.0,124.85,121.13,124.11,10677,489.0,41.0,2.0,532.0,7115,79,295,10,122.02,121.82,119.72,,7449,9832,,,,47.46,41.69,54.19,126.31,119.72,113.12,0.8331,1.71,3.67,1.43,KD金叉 | 外投同步買進
2025-07-16,124.36,127.09,124.11,124.61,12527,22.0,-544.0,35.0,-487.0,7286,74,314,3,122.59,121.96,120.08,,8285,10116,,,,60.85,48.63,55.46,126.92,120.08,113.25,0.8312,1.65,3.77,1.51,KD金叉
2025-07-17,125.35,127.09,123.49,126.59,9820,266.0,-17.0,-1.0,248.0,7125,81,267,11,123.49,122.22,120.69,,8914,10067,,,,80.46,62.92,60.18,127.57,120.69,113.81,0.9286,2.51,4.89,1.1,KD超買
2025-07-18,127.83,128.33,126.34,127.09,7772,424.0,-480.0,-21.0,-77.0,7204,80,216,0,124.73,122.82,121.39,,9089,8681,,,,83.49,74.93,61.29,127.85,121.39,114.94,0.9414,1.89,4.7,0.86,KD超買
2025-07-21,126.84,128.33,126.84,127.34,5843,554.0,-148.0,8.0,414.0,7154,86,86,6,125.95,123.53,122.12,,9328,8647,,,,89.67,84.54,61.87,127.72,122.12,116.51,0.9658,1.1,4.27,0.63,KD超買
2025-07-22,127.58,128.58,125.1,125.35,10530,518.0,-35.0,3.0,486.0,6904,77,118,4,126.2,124.11,122.51,,9298,8541,3.07,,,79.32,84.16,54.88,127.85,122.51,117.17,0.7659,-0.67,2.32,1.13,KD死叉
2025-07-23,126.59,132.8,126.59,131.8,19685,1594.0,137.0,112.0,1843.0,6828,93,474,22,127.63,125.11,123.18,,10730,9112,3.47,,,81.12,83.37,67.64,129.6,123.18,116.75,1.1709,3.27,7.0,1.83,KD死叉 | KD超買 | 外投同步買進
2025-07-24,132.8,132.8,130.56,132.3,8721,-212.0,-16.0,-3.0,-231.0,6955,93,228,2,128.78,126.13,123.85,,10510,9178,3.78,,,83.74,81.39,68.38,131.13,123.85,116.56,1.0802,2.73,6.82,0.83,KD超買 | 外投同步拋售
2025-07-25,132.3,133.29,131.31,131.56,6659,-105.0,126.0,6.0,27.0,6893,93,112,2,129.67,127.2,124.34,,10288,8539,3.92,,,91.38,85.41,65.96,132.32,124.34,116.36,0.9526,1.46,5.81,0.65,KD超買
2025-07-28,131.8,133.05,130.56,132.05,5621,223.0,-17.0,17.0,223.0,6913,93,101,4,130.61,128.28,124.92,,10243,8505,4.03,,,89.75,88.29,66.8,133.37,124.92,116.47,0.9217,1.1,5.71,0.55,KD超買
2025-07-29,131.56,134.78,131.31,132.8,10485,308.0,-13.0,27.0,322.0,6862,91,203,1,132.1,129.15,125.49,,10234,8736,4.12,,,85.19,88.78,68.1,134.47,125.49,116.5,0.9071,0.53,5.83,1.02,KD死叉 | KD超買
2025-07-30,133.54,133.79,128.58,129.82,19267,-1390.0,-113.0,134.0,-1369.0,6892,75,388,1,131.71,129.67,125.82,,10151,9225,3.91,,,72.86,82.6,58.35,134.93,125.82,116.7,0.7196,-1.43,3.18,1.9,KD死叉 | 外投同步拋售
2025-07-31,129.82,131.8,129.57,131.56,11250,150.0,-36.0,172.0,286.0,6800,75,141,3,131.56,130.17,126.19,,10656,9325,3.85,,,65.99,74.68,61.79,135.62,126.19,116.77,0.7847,0.0,4.26,1.06,KD死叉
2025-08-04,132.05,133.29,130.81,132.8,6898,-306.0,8.0,110.0,-188.0,6694,97,107,23,131.81,130.74,126.78,,10704,9113,3.85,3.78,0.07,65.01,67.95,64.06,136.32,126.78,117.23,0.8154,0.75,4.75,0.64,MACD多頭 | KD死叉
2025-08-05,134.78,139.5,134.78,136.52,16284,813.0,3.0,268.0,1084.0,6664,97,390,10,132.7,131.66,127.59,,12837,9643,4.1,3.84,0.26,74.4,68.47,69.87,137.56,127.59,117.62,0.9479,2.88,7.0,1.27,MACD多頭 | KD金叉 | 外投同步買進
2025-08-06,136.52,136.77,133.54,134.29,9908,-817.0,13.0,39.0,-765.0,6920,74,369,1,133.0,132.55,128.33,,12721,9926,4.07,3.89,0.18,69.58,69.67,63.27,137.96,128.33,118.7,0.8094,0.97,4.64,0.78,MACD多頭 | KD死叉
2025-08-07,135.78,136.77,135.03,135.28,8464,506.0,45.0,40.0,591.0,6841,70,102,1,134.09,132.9,129.01,,10561,9932,4.09,3.93,0.16,63.52,69.17,64.86,138.59,129.01,119.42,0.8272,0.89,4.86,0.8,MACD多頭 | KD死叉 | 外投同步買進
2025-08-08,135.28,136.52,135.03,135.28,6038,372.0,-12.0,2.0,362.0,6769,0,66,0,134.83,133.2,129.66,,9518,9900,4.05,3.95,0.1,58.33,63.81,64.86,139.07,129.66,120.26,0.7986,0.33,4.33,0.63,MACD多頭 | KD死叉
2025-08-11,134.53,135.03,132.05,134.53,7590,862.0,-154.0,-11.0,697.0,6728,0,90,0,135.18,133.49,130.35,,9657,9934,3.91,3.94,-0.03,59.07,60.31,62.49,139.02,130.35,121.67,0.7412,-0.48,3.21,0.79,MACD空頭 | KD死叉
2025-08-12,134.53,135.03,133.54,134.53,5413,308.0,-14.0,-29.0,265.0,6707,0,92,0,134.78,133.74,131.01,,7483,9973,3.76,3.91,-0.15,56.78,58.06,62.49,138.73,131.01,123.29,0.7279,-0.19,2.69,0.72,MACD空頭 | KD死叉
2025-08-13,135.28,136.52,134.53,135.53,11239,623.0,-7.0,32.0,648.0,6542,0,139,0,135.03,134.01,131.58,,7749,10001,3.68,3.86,-0.18,56.33,57.39,64.49,138.83,131.58,124.34,0.7724,0.37,3.0,1.45,MACD空頭 | KD死叉
2025-08-14,135.53,135.53,135.53,135.53,0,,,,,6542,0,0,0,135.08,134.58,132.13,,6056,9374,3.58,3.81,-0.23,56.27,56.46,64.49,138.78,132.13,125.47,0.7556,0.33,2.57,0.0,MACD空頭 | KD死叉
2025-08-15,135.53,135.53,135.53,135.53,0,,,,,6533,0,0,0,135.13,134.98,132.57,,4848,8883,3.45,3.73,-0.28,53.68,55.43,64.49,138.86,132.57,126.29,0.7353,0.3,2.23,0.0,MACD空頭 | KD死叉
2025-08-18,135.53,135.53,135.53,135.53,0,,,,,6532,0,0,0,135.33,135.26,133.0,,3330,8495,3.32,3.65,-0.33,58.25,56.07,64.49,138.84,133.0,127.15,0.7166,0.15,1.9,0.0,MACD空頭 | KD金叉
2025-08-19,135.53,135.53,135.53,135.53,0,,,,,6530,0,0,0,135.53,135.16,133.41,,2248,8203,3.17,3.56,-0.38,64.72,58.89,64.49,138.71,133.41,128.1,0.7003,0.0,1.59,0.0,MACD空頭 | KD金叉
2025-08-20,135.53,135.53,135.53,135.53,0,,,,,6530,0,0,0,135.53,135.28,133.92,,0,7676,3.02,3.45,-0.43,75.1,66.03,64.49,137.7,133.92,130.13,0.7135,0.0,1.2,,MACD空頭 | KD金叉
2025-08-21,135.53,135.53,135.53,135.53,0,,,,,6530,0,0,0,135.53,135.3,134.1,,0,6692,2.87,3.33,-0.46,76.48,72.1,64.49,137.81,134.1,130.39,0.6925,0.0,1.07,,MACD空頭 | KD金叉
2025-08-22,135.53,135.53,135.53,135.53,0,,,,,6526,0,0,0,135.53,135.33,134.26,,0,6256,2.72,3.21,-0.49,74.16,75.25,64.49,137.92,134.26,130.6,0.673,0.0,0.95,,MACD空頭 | KD死叉
2025-08-25,140.99,144.46,139.0,141.98,26140,-4389.0,159.0,88.0,-4142.0,26429,901,1620,901,136.82,136.07,134.78,,5228,7230,3.09,3.19,-0.1,73.22,74.62,78.14,139.61,134.78,129.96,1.246,3.77,5.34,5.0,MACD空頭 | KD死叉 | RSI超買
2025-08-26,141.48,141.48,136.02,137.51,24909,-3293.0,-636.0,-37.0,-3966.0,26725,864,909,2,137.22,136.37,135.06,,10210,8194,2.98,3.14,-0.16,54.66,67.35,60.72,139.85,135.06,130.27,0.7561,0.21,1.81,2.44,MACD空頭 | KD死叉 | 外投同步拋售
2025-08-27,138.01,138.51,135.03,135.53,13787,-3258.0,-1209.0,-74.0,-4541.0,26956,806,768,0,137.22,136.37,135.19,,12967,8359,2.71,3.06,-0.35,34.17,54.01,54.89,139.87,135.19,130.52,0.536,-1.23,0.25,1.06,MACD空頭 | KD死叉 | 外投同步拋售
2025-08-28,137.51,138.51,135.53,136.02,11412,-2988.0,-96.0,-168.0,-3252.0,27840,695,1077,1,137.31,136.42,135.5,,15250,7967,2.5,2.95,-0.45,12.66,33.83,56.01,139.44,135.5,131.57,0.5656,-0.94,0.38,0.75,MACD空頭 | KD超賣 | 外投同步拋售
2025-08-29,137.51,140.0,136.02,138.51,10920,-1596.0,-306.0,-14.0,-1916.0,28779,700,1512,5,137.91,136.72,135.85,,17434,7950,2.51,2.86,-0.35,17.57,21.46,61.3,139.54,135.85,132.16,0.8603,0.44,1.96,0.63,MACD空頭 | KD超賣 | 外投同步拋售
2025-09-01,138.51,138.51,131.56,134.04,10721,-2253.0,-73.0,-71.0,-2397.0,28672,735,895,39,136.32,136.57,135.91,,14350,8141,2.13,2.71,-0.58,22.21,17.48,49.74,139.42,135.91,132.4,0.2333,-1.67,-1.38,0.75,MACD空頭 | KD金叉 | 外投同步拋售
2025-09-02,134.53,136.52,133.05,133.54,9074,2486.0,-85.0,-17.0,2384.0,28542,728,286,2,135.53,136.37,135.76,,11183,7781,1.77,2.52,-0.76,23.83,21.2,48.63,139.42,135.76,132.11,0.1956,-1.47,-1.64,0.81,MACD空頭 | KD金叉
2025-09-03,134.53,135.03,133.54,134.04,9343,565.0,-91.0,-48.0,426.0,28727,728,337,1,135.23,136.22,135.75,,10294,7752,1.5,2.32,-0.82,17.93,21.32,49.83,139.43,135.75,132.08,0.2672,-0.88,-1.26,0.91,MACD空頭 | KD超賣
2025-09-04,135.03,136.52,134.04,134.53,7006,-2168.0,-14.0,-144.0,-2326.0,28947,713,459,1,134.93,136.12,135.71,,9413,7680,1.32,2.12,-0.8,19.2,20.32,51.04,139.43,135.71,132.0,0.3405,-0.3,-0.87,0.74,MACD空頭 | KD超賣 | 外投同步拋售
2025-09-05,136.02,136.02,133.54,134.04,8288,381.0,-67.0,47.0,361.0,29223,635,575,0,134.04,135.97,135.65,,8886,7792,1.12,1.92,-0.8,22.42,19.85,49.75,139.43,135.65,131.87,0.2869,0.0,-1.19,0.93,MACD空頭 | KD金叉
2025-09-08,134.53,138.51,134.53,136.52,10037,2328.0,-56.0,106.0,2378.0,28884,589,404,7,134.53,135.43,135.75,,8750,7914,1.15,1.77,-0.62,35.6,25.74,55.83,139.51,135.75,131.99,0.6021,1.48,0.57,1.15,MACD空頭 | KD金叉
2025-09-09,138.51,139.5,137.02,137.51,9113,-1522.0,-45.0,-112.0,-1679.0,29100,561,562,2,135.33,135.43,135.9,128.78,8757,8099,1.24,1.66,-0.42,51.42,36.48,58.02,139.7,135.9,132.11,0.712,1.61,1.18,1.04,MACD空頭 | KD金叉 | 外投同步拋售
2025-09-10,138.01,142.48,137.02,141.48,15851,2762.0,-81.0,-65.0,2616.0,29964,568,1785,13,136.82,136.02,136.2,129.17,10059,8330,1.61,1.65,-0.04,73.37,53.46,65.41,140.73,136.2,131.66,1.0825,3.41,3.88,1.58,MACD空頭 | KD金叉
2025-09-11,142.48,142.48,136.52,137.02,13600,-3751.0,-123.0,-408.0,-4282.0,29992,508,1146,3,137.31,136.12,136.27,129.49,11378,9010,1.53,1.63,-0.1,70.45,65.08,53.92,140.81,136.27,131.74,0.5824,-0.21,0.55,1.2,MACD空頭 | KD金叉 | 外投同步拋售
2025-09-12,141.48,150.42,140.99,150.42,60316,6304.0,-62.0,160.0,6402.0,31590,152,5781,125,140.59,137.31,137.02,130.09,21783,12026,2.52,1.8,0.71,80.28,74.7,70.62,144.78,137.02,129.25,1.3632,6.99,9.78,2.77,MACD多頭 | KD超買 | RSI超買 | 法人強勢買超
2025-09-15,151.91,152.9,146.45,149.92,49613,-12038.0,-123.0,-141.0,-12302.0,33350,82,4471,19,143.27,138.9,137.74,130.71,29699,14506,3.22,2.09,1.13,78.2,76.31,69.6,147.36,137.74,128.11,1.1328,4.64,8.84,1.67,MACD多頭 | KD金叉 | 法人強勢賣超 | 外投同步拋售
2025-09-16,149.92,150.42,145.46,148.43,22653,-2455.0,79.0,85.0,-2291.0,33441,79,1823,18,145.45,140.39,138.38,131.3,32407,15639,3.62,2.39,1.22,87.17,81.89,66.54,149.06,138.38,127.71,0.9706,2.05,7.26,0.7,MACD多頭 | KD超買
2025-09-17,148.93,159.85,148.93,154.89,65981,-4529.0,1410.0,255.0,-2864.0,36117,95,5863,39,148.14,142.48,139.35,131.92,42433,18938,4.4,2.8,1.61,80.89,82.09,72.24,152.22,139.35,126.48,1.1037,4.56,11.15,1.55,MACD多頭 | KD死叉 | KD超買 | RSI超買
2025-09-18,157.37,157.87,152.9,156.87,36421,-4312.0,1065.0,91.0,-3156.0,33999,99,2560,14,152.11,144.71,140.42,132.57,46997,20759,5.12,3.26,1.86,82.1,83.39,73.72,155.33,140.42,125.5,1.0516,3.13,11.71,0.77,MACD多頭 | KD死叉 | KD超買 | RSI超買
2025-09-19,157.87,172.26,157.37,172.26,109731,10232.0,-49.0,561.0,10744.0,35746,355,7989,275,156.47,148.53,142.25,133.45,56880,26246,6.86,3.98,2.88,89.79,84.26,81.83,162.67,142.25,121.84,1.235,10.09,21.1,1.93,MACD多頭 | KD超買 | RSI超買 | 法人強勢買超
2025-09-22,175.24,183.68,174.25,177.23,127600,-21216.0,126.0,181.0,-20909.0,39791,340,11559,134,161.94,152.6,144.02,134.38,72477,31319,8.54,4.89,3.65,91.52,87.8,83.59,169.73,144.02,118.3,1.1459,9.44,23.06,1.76,MACD多頭 | KD超買 | RSI超買 | 法人強勢賣超
2025-09-23,179.21,179.21,174.25,174.75,48296,-2978.0,628.0,-59.0,-2409.0,39539,221,4127,34,167.2,156.33,145.88,135.29,77606,32488,9.56,5.83,3.73,89.13,90.15,79.45,174.8,145.88,116.95,0.9991,4.52,19.79,0.62,MACD多頭 | KD死叉 | KD超買 | RSI超買
2025-09-24,176.24,180.7,171.27,178.72,60602,-6566.0,-13.0,405.0,-6174.0,42525,224,7023,40,171.97,160.05,148.04,136.24,76530,34829,10.56,6.77,3.79,85.26,88.63,81.07,180.0,148.04,116.08,0.98,3.93,20.72,0.79,MACD多頭 | KD死叉 | KD超買 | RSI超買 | 法人強勢賣超 | 外投同步拋售
2025-09-25,176.73,177.23,167.8,168.29,66234,-14761.0,-707.0,-384.0,-15852.0,42069,237,5497,106,174.25,163.18,149.65,136.99,82493,37570,10.4,7.5,2.9,76.39,83.59,66.32,182.31,149.65,116.99,0.7854,-3.42,12.46,0.8,MACD多頭 | KD死叉 | 法人強勢賣超 | 外投同步拋售
2025-09-26,167.3,171.77,162.83,164.82,65205,-3620.0,90.0,-353.0,-3883.0,44409,150,4365,28,172.76,164.62,150.97,137.67,73587,40284,9.88,7.97,1.9,66.26,75.97,62.26,183.85,150.97,118.08,0.7106,-4.6,9.17,0.89,MACD多頭 | KD死叉
2025-09-30,166.8,170.77,165.31,168.79,26332,-3684.0,129.0,117.0,-3438.0,44669,166,2582,35,171.07,166.5,152.7,138.46,53334,41065,9.67,8.31,1.36,55.85,66.17,64.91,185.5,152.7,119.91,0.7453,-1.33,10.54,0.49,MACD多頭 | KD死叉
2025-10-01,171.27,175.24,167.8,168.79,34976,-2899.0,-894.0,438.0,-3355.0,44988,221,2884,73,169.88,168.54,154.47,139.27,50670,42360,9.4,8.53,0.87,53.14,58.42,64.91,186.71,154.47,122.23,0.7222,-0.64,9.27,0.69,MACD多頭 | KD死叉 | 外投同步拋售
2025-10-02,171.77,173.75,168.79,169.29,25845,5411.0,27.0,-182.0,5256.0,44695,219,1665,18,168.0,169.98,156.23,140.1,43718,43185,9.12,8.65,0.47,51.36,53.45,65.26,187.61,156.23,124.85,0.7081,0.77,8.36,0.59,MACD多頭 | KD死叉 | 法人強勢買超 | 外投同步買進
2025-10-03,171.27,175.24,170.28,174.25,34197,1455.0,37.0,485.0,1977.0,47385,149,5031,14,169.19,171.72,158.21,140.98,37311,44545,9.19,8.76,0.43,50.57,51.69,68.66,188.83,158.21,127.6,0.7619,2.99,10.14,0.92,MACD多頭 | KD死叉 | 外投同步買進
2025-10-07,177.72,188.65,176.73,183.19,87454,1699.0,381.0,557.0,2637.0,50251,174,9387,41,172.86,172.81,160.67,142.0,41761,48503,9.86,8.98,0.88,59.64,53.86,73.65,191.01,160.67,130.34,0.8712,5.98,14.02,2.09,MACD多頭 | KD金叉 | RSI超買 | 外投同步買進
2025-10-08,183.19,184.67,178.72,184.18,44232,-4705.0,648.0,-60.0,-4117.0,50786,167,4164,15,175.94,173.51,163.06,143.05,45341,50213,10.34,9.25,1.09,72.1,60.77,74.14,192.89,163.06,133.22,0.8541,4.68,12.95,0.98,MACD多頭 | KD金叉 | RSI超買
2025-10-09,187.16,190.14,181.7,182.19,50073,-5849.0,41.0,-193.0,-6001.0,50425,192,4729,40,178.62,174.25,165.29,144.07,48360,52261,10.45,9.49,0.96,77.48,69.74,71.27,193.72,165.29,136.85,0.7972,2.0,10.22,1.04,MACD多頭 | KD金叉 | RSI超買 | 法人強勢賣超
2025-10-13,173.26,177.23,172.76,176.73,37734,10.0,54.0,-313.0,-249.0,46646,138,2200,17,180.11,174.05,167.05,144.94,50738,53355,9.98,9.59,0.39,68.16,72.58,63.93,193.58,167.05,140.52,0.6824,-1.88,5.79,0.74,MACD多頭 | KD死叉 | 外投同步買進
2025-10-14,179.21,179.71,170.28,170.77,46028,-4950.0,45.0,-211.0,-5116.0,44619,178,2412,71,179.41,174.3,168.74,145.71,53104,54976,9.02,9.47,-0.46,47.93,64.52,57.03,191.21,168.74,146.27,0.5452,-4.82,1.2,0.87,MACD空頭 | KD死叉 | 法人強勢賣超
2025-10-15,171.27,174.75,169.78,173.75,17951,-801.0,38.0,-204.0,-967.0,44711,175,1324,17,177.52,175.19,169.91,146.5,39204,52858,8.4,9.26,-0.86,33.17,49.75,59.39,190.73,169.91,149.08,0.5923,-2.12,2.26,0.46,MACD空頭 | KD死叉
2025-10-16,175.24,180.7,174.25,178.22,24254,5143.0,-14.0,158.0,5287.0,44929,180,2248,22,176.33,176.14,171.32,147.35,35208,51590,8.18,9.04,-0.86,30.93,37.34,62.7,190.18,171.32,152.46,0.6829,1.07,4.03,0.69,MACD空頭 | KD死叉 | 法人強勢買超
2025-10-17,177.23,185.17,177.23,183.19,58240,11741.0,-181.0,445.0,12005.0,46390,210,4760,37,176.53,177.58,173.06,148.28,36841,53369,8.31,8.9,-0.59,45.56,36.55,66.02,189.25,173.06,156.86,0.8128,3.77,5.85,1.58,MACD空頭 | KD金叉 | 法人強勢買超
2025-10-20,189.14,196.59,186.66,194.6,89263,3567.0,1064.0,468.0,5099.0,51302,293,8849,90,180.11,180.11,175.04,149.44,47147,54533,9.23,8.96,0.26,67.54,48.01,72.14,191.59,175.04,158.49,1.0908,8.05,11.17,1.89,MACD多頭 | KD金叉 | RSI超買 | 法人強勢買超 | 外投同步買進
2025-10-21,197.09,207.01,195.1,203.54,126011,5108.0,4217.0,-29.0,9296.0,51975,428,9647,163,186.66,183.04,177.38,150.63,63144,59013,10.55,9.28,1.27,83.04,65.38,75.82,196.15,177.38,158.61,1.1968,9.04,14.75,2.0,MACD多頭 | KD超買 | RSI超買 | 法人強勢買超 | 外投同步買進
2025-10-22,205.03,207.01,201.55,206.52,71399,4465.0,1226.0,-329.0,5362.0,48455,517,3482,163,193.21,185.37,179.09,151.87,73833,57096,11.71,9.77,1.94,93.98,81.52,76.91,201.75,179.09,156.43,1.1053,6.89,15.32,0.97,MACD多頭 | KD超買 | RSI超買 | 法人強勢買超 | 外投同步買進
2025-10-23,206.02,226.87,205.53,224.39,134468,15237.0,3920.0,590.0,19747.0,50125,683,10502,277,202.45,189.39,181.45,153.42,95876,57440,13.91,10.59,3.31,95.01,90.68,82.13,211.8,181.45,151.1,1.2074,10.84,23.66,1.4,MACD多頭 | KD超買 | RSI超買 | 法人強勢買超 | 外投同步買進
2025-10-27,241.77,246.73,235.81,246.73,114974,-9747.0,571.0,314.0,-8862.0,53649,842,8840,278,215.16,195.84,185.05,155.33,107223,60774,17.25,11.93,5.33,98.11,95.7,86.3,226.93,185.05,143.16,1.2363,14.67,33.33,1.07,MACD多頭 | KD超買 | RSI超買 | 法人強勢賣超
2025-10-28,245.24,246.23,240.77,244.25,79547,3834.0,32.0,27.0,3893.0,48838,1001,3605,246,225.09,202.6,188.32,157.18,105280,61721,19.48,13.44,6.04,97.48,96.87,83.96,237.71,188.32,138.94,1.0662,8.51,29.7,0.76,MACD多頭 | KD超買 | RSI超買 | 外投同步買進
2025-10-29,252.19,260.13,241.27,245.74,83495,-14307.0,-68.0,-94.0,-14469.0,47798,788,5995,47,233.53,210.09,192.2,159.12,96777,62584,21.12,14.97,6.15,93.34,96.31,84.23,246.83,192.2,137.56,0.99,5.23,27.86,0.86,MACD多頭 | KD死叉 | KD超買 | RSI超買 | 法人強勢賣超 | 外投同步拋售
2025-10-30,246.73,257.15,241.27,247.23,82497,3473.0,-986.0,76.0,2563.0,46788,841,4932,97,241.67,217.44,196.32,161.04,98996,63448,22.29,16.44,5.85,88.15,92.99,84.52,254.57,196.32,138.06,0.937,2.3,25.93,0.83,MACD多頭 | KD死叉 | KD超買 | RSI超買
2025-10-31,245.24,252.69,243.75,247.23,53904,9097.0,-630.0,-141.0,8326.0,44289,837,2861,96,246.24,224.34,200.24,162.95,82883,64827,22.94,17.74,5.21,83.37,88.29,84.52,261.19,200.24,139.29,0.8855,0.4,23.47,0.65,MACD多頭 | KD死叉 | KD超買 | RSI超買 | 法人強勢買超
2025-11-03,253.18,260.13,249.21,252.19,71548,1238.0,-1495.0,-10.0,-267.0,45279,861,6160,53,247.33,231.24,204.41,164.88,74198,66656,23.59,18.91,4.69,84.89,85.47,85.54,267.67,204.41,141.15,0.8777,1.96,23.37,0.96,MACD多頭 | KD死叉 | KD超買 | RSI超買
2025-11-04,252.69,253.18,236.3,236.3,75724,-448.0,-878.0,-213.0,-1539.0,42463,687,4047,117,245.74,235.41,207.76,166.58,73434,69150,22.57,19.64,2.93,76.52,81.59,69.71,270.28,207.76,145.24,0.7283,-3.84,13.74,1.03,MACD多頭 | KD死叉 | 外投同步拋售
2025-11-05,223.4,233.33,222.4,231.84,69320,9609.0,-1212.0,-525.0,7872.0,40905,643,2528,155,242.96,238.24,210.64,168.19,70599,70906,21.15,19.94,1.21,65.1,75.5,66.02,271.95,210.64,149.32,0.6729,-4.58,10.06,0.98,MACD多頭 | KD死叉 | 法人強勢買超
2025-11-06,236.3,239.28,232.33,238.29,38281,-5171.0,591.0,134.0,-4446.0,41852,738,2585,130,241.17,241.42,213.39,169.91,61755,68447,20.31,20.02,0.3,49.87,63.83,68.61,274.47,213.39,152.32,0.7038,-1.19,11.67,0.62,MACD多頭 | KD死叉
2025-11-07,235.31,236.8,229.35,232.83,29097,144.0,-205.0,-387.0,-448.0,41255,653,1238,26,238.29,242.26,215.83,171.54,56794,67690,18.99,19.81,-0.82,39.32,51.43,64.15,275.87,215.83,155.79,0.6416,-2.29,7.88,0.51,MACD空頭 | KD死叉
2025-11-10,232.83,235.81,226.38,228.36,35410,2038.0,-388.0,-241.0,1409.0,41172,623,1731,63,233.52,240.43,218.14,173.11,49566,66957,17.38,19.32,-1.95,28.52,39.24,60.68,276.25,218.14,160.02,0.588,-2.21,4.69,0.71,MACD空頭 | KD死叉
2025-11-11,233.33,235.81,228.86,228.86,28518,-2091.0,-891.0,428.0,-2554.0,41002,623,2202,20,232.04,238.89,220.74,174.66,40125,66496,15.96,18.65,-2.69,20.19,29.34,60.93,275.62,220.74,165.86,0.574,-1.37,3.68,0.71,MACD空頭 | KD死叉 | 外投同步拋售
2025-11-12,232.33,234.32,226.38,228.86,27543,-3118.0,-201.0,84.0,-3235.0,41219,598,1461,18,231.44,237.2,223.65,176.22,31770,65572,14.67,17.85,-3.19,16.68,21.8,60.93,273.29,223.65,174.0,0.5525,-1.11,2.33,0.87,MACD空頭 | KD超賣 | 外投同步拋售
2025-11-13,230.35,242.76,227.37,241.77,86567,-17604.0,243.0,1219.0,-16142.0,48515,655,9992,123,232.14,236.65,227.05,177.99,41427,69003,14.52,17.19,-2.67,28.53,21.8,67.29,271.33,227.05,182.76,0.6662,4.15,6.48,2.09,MACD空頭 | KD金叉 | 法人強勢賣超
2025-11-14,236.3,239.78,231.84,231.84,50637,-8283.0,-111.0,-640.0,-9034.0,47226,550,3436,33,231.94,235.11,229.73,179.59,45735,70322,13.44,16.44,-3.0,33.04,26.08,59.3,267.59,229.73,191.87,0.5279,-0.04,0.92,1.11,MACD空頭 | KD金叉 | 法人強勢賣超 | 外投同步拋售
2025-11-17,234.32,234.32,224.39,224.89,38125,2778.0,140.0,-496.0,2422.0,44102,389,1932,67,231.24,232.38,231.81,181.08,46278,69316,11.89,15.53,-3.64,31.41,30.99,54.43,262.87,231.81,200.76,0.3885,-2.75,-2.99,0.82,MACD空頭 | KD金叉 | 外投同步買進
2025-11-18,225.38,238.29,225.38,227.37,60418,7484.0,3469.0,-621.0,10332.0,43825,516,3050,175,230.95,231.49,233.45,182.61,52658,67874,10.74,14.57,-3.83,19.71,28.05,55.82,259.25,233.45,207.65,0.3821,-1.55,-2.6,1.15,MACD空頭 | KD超賣 | 法人強勢買超 | 外投同步買進
2025-11-19,231.34,235.31,221.41,223.4,49332,-8561.0,431.0,-229.0,-8359.0,45060,472,2853,45,229.85,230.65,234.44,184.08,57016,64040,9.39,13.53,-4.14,12.59,21.24,53.03,256.68,234.44,212.21,0.2516,-2.81,-4.71,0.87,MACD空頭 | KD超賣 | 法人強勢賣超
2025-11-20,231.34,234.82,227.37,228.86,30250,5906.0,506.0,-47.0,6365.0,44243,495,1182,76,227.27,229.7,235.56,185.64,45752,61983,8.67,12.56,-3.89,20.15,17.48,56.27,253.77,235.56,217.35,0.316,0.7,-2.84,0.66,MACD空頭 | KD金叉 | 法人強勢買超 | 外投同步買進
2025-11-21,224.39,230.84,223.89,227.37,36622,-5259.0,8.0,-145.0,-5396.0,44444,429,1989,55,226.38,229.16,235.71,187.06,42949,57090,7.89,11.63,-3.74,24.04,18.93,55.15,253.58,235.71,217.84,0.2666,0.44,-3.54,0.85,MACD空頭 | KD金叉 | 法人強勢賣超
2025-11-24,230.35,233.33,225.88,230.84,33597,-388.0,562.0,-67.0,107.0,45981,468,2693,61,227.57,229.41,234.92,188.61,42044,53022,7.46,10.79,-3.33,35.66,26.62,57.28,252.12,234.92,217.71,0.3815,1.44,-1.74,0.8,MACD空頭 | KD金叉
2025-11-25,234.82,236.3,225.88,226.87,30234,-5756.0,-436.0,233.0,-5959.0,45568,407,2150,15,227.47,229.21,234.05,190.14,36007,50556,6.72,9.98,-3.26,32.55,30.75,54.12,251.02,234.05,217.07,0.2886,-0.26,-3.07,0.84,MACD空頭 | KD金叉 | 法人強勢賣超 | 外投同步拋售
2025-11-26,228.86,230.84,225.88,230.35,18497,4123.0,238.0,-26.0,4335.0,45555,425,1145,38,228.86,229.36,233.28,191.71,29840,47306,6.35,9.25,-2.91,39.47,35.89,56.39,249.39,233.28,217.16,0.4092,0.65,-1.26,0.62,MACD空頭 | KD金叉 | 外投同步買進
2025-11-27,231.34,236.3,230.35,234.32,29678,6391.0,-3531.0,546.0,3406.0,45584,456,1938,54,229.95,228.61,232.63,193.3,29726,44665,6.3,8.66,-2.36,50.24,40.75,58.9,247.37,232.63,217.89,0.5573,1.9,0.73,1.0,MACD空頭 | KD金叉
2025-11-28,240.28,242.76,232.33,233.33,43746,-10452.0,-805.0,592.0,-10665.0,46722,424,3260,5,231.14,228.76,231.94,194.96,31150,44157,6.11,8.15,-2.04,60.33,50.01,58.0,244.99,231.94,218.88,0.5534,0.95,0.6,1.4,MACD空頭 | KD金叉 | 法人強勢賣超 | 外投同步拋售
2025-12-01,233.33,233.33,227.37,227.37,20889,-2697.0,-504.0,-94.0,-3295.0,46610,395,1393,26,230.45,229.01,230.7,196.52,28609,41624,5.41,7.6,-2.19,53.41,54.66,52.8,239.75,230.7,221.64,0.3163,-1.34,-1.44,0.73,MACD空頭 | KD死叉 | 外投同步拋售
2025-12-02,228.36,230.84,225.38,225.88,16401,-49.0,-99.0,-21.0,-169.0,46528,402,842,38,230.25,228.86,230.18,198.05,25842,38658,4.69,7.02,-2.33,31.43,48.39,51.56,239.07,230.18,221.28,0.2586,-1.9,-1.87,0.63,MACD空頭 | KD死叉 | 外投同步拋售
2025-12-03,228.36,234.32,227.87,230.84,21462,10067.0,-105.0,-249.0,9713.0,45351,410,757,59,230.35,229.6,230.12,199.66,26435,36265,4.46,6.51,-2.05,25.1,36.65,55.33,238.99,230.13,221.26,0.5403,0.21,0.31,0.81,MACD空頭 | KD死叉 | 法人強勢買超
2025-12-04,232.83,235.81,231.84,234.32,16176,2249.0,7.0,53.0,2309.0,46122,418,2095,30,230.35,230.15,229.93,201.33,23735,35160,4.51,6.11,-1.6,32.94,29.82,57.82,238.18,229.93,221.67,0.7662,1.72,1.91,0.68,MACD空頭 | KD金叉 | 外投同步買進
2025-12-05,234.82,236.3,233.33,235.31,14518,3823.0,-6.0,131.0,3948.0,45095,439,757,41,230.74,230.94,230.05,202.98,17889,34431,4.58,5.8,-1.22,48.47,35.5,58.52,238.56,230.05,221.54,0.8091,1.98,2.29,0.81,MACD空頭 | KD金叉
2025-12-08,236.8,238.29,232.83,235.31,16194,-1117.0,-362.0,-94.0,-1573.0,46438,423,2179,5,232.33,231.39,230.4,204.61,16950,33470,4.58,5.56,-0.98,55.24,45.55,58.52,239.18,230.4,221.62,0.7797,1.28,2.13,0.96,MACD空頭 | KD金叉 | 外投同步拋售
2025-12-09,237.79,239.28,235.81,237.79,24406,3246.0,13.0,-198.0,3061.0,45034,424,1129,17,234.71,232.48,230.84,206.21,18551,33265,4.73,5.39,-0.67,61.89,55.2,60.45,240.19,230.84,221.5,0.8718,1.31,3.01,1.32,MACD空頭 | KD金叉 | 外投同步買進
2025-12-10,239.28,246.73,236.8,243.75,64134,-1176.0,8.0,1073.0,-95.0,48170,455,6252,54,237.3,233.82,231.59,207.99,27086,35094,5.26,5.37,-0.1,71.53,62.88,64.69,242.5,231.59,220.67,1.057,2.72,5.25,2.37,MACD空頭 | KD金叉
2025-12-11,246.23,246.23,234.32,234.32,45578,-11174.0,-131.0,-360.0,-11665.0,46931,395,3378,43,237.3,233.82,231.22,209.39,32966,33045,4.87,5.27,-0.4,66.44,66.62,54.7,241.13,231.22,221.3,0.6565,-1.26,1.34,1.38,MACD空頭 | KD死叉 | 法人強勢賣超 | 外投同步拋售
2025-12-12,235.81,236.8,231.84,235.81,17022,-663.0,1046.0,-166.0,217.0,46486,415,821,92,237.4,234.07,231.42,210.82,33467,31364,4.63,5.14,-0.51,58.92,65.63,55.86,241.54,231.42,221.29,0.717,-0.67,1.9,0.51,MACD空頭 | KD死叉
2025-12-15,231.34,233.33,229.35,229.35,16520,-6544.0,-7.0,-90.0,-6641.0,46720,348,1351,42,236.2,234.27,231.64,212.17,33532,30284,3.87,4.89,-1.02,32.86,52.74,49.89,241.35,231.64,221.93,0.3822,-2.9,-0.99,0.49,MACD空頭 | KD死叉 | 法人強勢賣超 | 外投同步拋售
2025-12-16,228.36,228.86,218.43,221.41,26357,-5137.0,-370.0,-190.0,-5697.0,44537,366,1506,53,232.93,233.82,231.34,213.28,33922,28581,2.59,4.43,-1.83,22.41,38.06,43.71,241.93,231.34,220.75,0.031,-4.95,-4.29,0.78,MACD空頭 | KD死叉 | 法人強勢賣超 | 外投同步拋售
2025-12-17,222.9,223.89,218.93,219.43,13862,-2574.0,-55.0,-49.0,-2678.0,44533,312,658,13,228.06,232.68,231.14,214.32,23868,26807,1.41,3.82,-2.41,7.3,20.86,42.3,242.48,231.14,219.81,-0.0166,-3.78,-5.07,0.58,MACD空頭 | KD超賣 | 外投同步拋售
2025-12-18,218.43,221.41,216.45,216.45,15330,-1882.0,45.0,458.0,-1379.0,44648,309,702,29,224.49,230.89,230.52,215.06,17818,26061,0.23,3.1,-2.88,4.69,11.47,40.2,243.61,230.52,217.44,-0.0377,-3.58,-6.1,0.86,MACD空頭 | KD超賣
2025-12-19,220.42,222.9,218.43,220.42,15038,-210.0,-180.0,-543.0,-933.0,44498,313,457,16,221.41,229.4,230.17,215.78,17421,24982,-0.38,2.41,-2.79,5.55,5.85,44.18,243.96,230.17,216.39,0.1463,-0.45,-4.24,0.86,MACD空頭 | KD超賣 | 外投同步拋售
2025-12-22,222.9,225.88,221.91,224.39,9902,1602.0,-82.0,33.0,1553.0,44600,307,762,18,220.42,228.31,229.85,216.6,16098,23797,-0.54,1.82,-2.36,13.11,7.78,47.9,243.87,229.85,215.83,0.3053,1.8,-2.38,0.62,MACD空頭 | KD金叉 | KD超賣
2025-12-23,225.88,225.88,220.91,220.91,10264,-1535.0,-831.0,16.0,-2350.0,45034,305,783,7,220.32,226.62,229.55,217.31,12879,22799,-0.94,1.27,-2.2,18.1,12.25,45.06,244.09,229.55,215.02,0.2026,0.27,-3.76,0.8,MACD空頭 | KD金叉 | KD超賣 | 外投同步拋售
2025-12-24,222.4,225.38,220.42,220.91,10600,-3250.0,13.0,72.0,-3165.0,45026,301,747,1,220.62,224.34,229.08,218.18,12227,22404,-1.24,0.77,-2.0,21.04,17.42,45.06,244.11,229.08,214.05,0.2281,0.13,-3.57,0.87,MACD空頭 | KD金叉
2025-12-26,222.4,223.4,220.42,222.4,7757,126.0,-125.0,63.0,64.0,44922,301,403,16,221.81,223.15,228.49,219.14,10712,21308,-1.34,0.35,-1.68,24.05,21.06,46.63,243.58,228.49,213.39,0.2985,0.27,-2.67,0.72,MACD空頭 | KD金叉
2025-12-29,223.4,224.39,220.91,220.91,10282,-1251.0,-402.0,144.0,-1509.0,43962,274,627,2,221.9,221.66,227.86,220.01,9761,19635,-1.52,-0.03,-1.49,31.03,25.37,45.24,243.14,227.86,212.58,0.2724,-0.45,-3.05,1.05,MACD空頭 | KD金叉 | 外投同步拋售
2025-12-30,220.91,224.89,218.93,223.89,19193,-2171.0,2558.0,-232.0,155.0,43915,267,1139,6,221.8,221.11,227.69,220.93,11619,19550,-1.41,-0.3,-1.1,50.03,35.04,48.55,243.07,227.69,212.31,0.3765,0.94,-1.67,1.65,MACD空頭 | KD金叉
2025-12-31,223.89,230.84,220.91,229.35,33870,-6278.0,7472.0,10.0,1204.0,43770,222,2263,14,223.49,221.91,227.86,221.93,16340,20423,-0.87,-0.42,-0.45,68.16,49.74,54.04,243.24,227.86,212.49,0.5483,2.62,0.65,2.07,MACD空頭 | KD金叉
2026-01-02,230.84,241.27,228.36,239.28,52538,1488.0,4100.0,570.0,6158.0,47713,288,7193,73,227.17,223.89,228.29,223.02,24728,21977,0.35,-0.26,0.62,86.61,68.27,61.97,244.45,228.29,212.12,0.8401,5.33,4.81,2.12,MACD多頭 | KD超買 | 法人強勢買超 | 外投同步買進
2026-01-05,243.25,247.23,237.3,242.26,64011,9533.0,2684.0,448.0,12665.0,44750,304,3524,21,231.14,226.47,228.68,224.0,35979,24369,1.55,0.1,1.45,87.79,80.85,63.98,245.83,228.68,211.54,0.8959,4.81,5.94,1.78,MACD多頭 | KD超買 | 法人強勢買超 | 外投同步買進
2026-01-06,246.23,252.19,245.24,251.69,60788,19883.0,1187.0,333.0,21403.0,46242,393,5720,106,237.29,229.6,229.5,225.13,46080,26682,3.22,0.72,2.49,90.74,88.38,69.48,249.33,229.5,209.67,1.0594,6.07,9.67,1.32,MACD多頭 | KD超買 | 法人強勢買超 | 外投同步買進
2026-01-07,255.17,258.15,250.7,251.2,46724,9504.0,2321.0,227.0,12052.0,44536,402,3418,28,242.76,232.28,230.3,226.28,51586,28209,4.45,1.47,2.98,87.74,88.76,68.89,252.27,230.3,208.33,0.9757,3.48,9.08,0.91,MACD多頭 | KD死叉 | KD超買 | 法人強勢買超 | 外投同步買進
2026-01-08,254.18,254.67,234.32,235.81,55632,-7127.0,435.0,-664.0,-7356.0,43227,310,4441,78,244.05,233.77,230.2,227.26,55939,29770,4.14,2.0,2.13,74.61,84.36,53.55,252.04,230.2,208.35,0.6285,-3.38,2.44,0.99,MACD多頭 | KD死叉 | 法人強勢賣超
2026-01-09,236.8,242.76,232.83,239.78,24148,2015.0,392.0,-231.0,2176.0,42354,345,1399,82,244.15,235.66,230.0,228.41,50261,27771,4.16,2.43,1.73,59.49,73.95,56.26,251.39,230.0,208.6,0.7286,-1.79,4.25,0.48,MACD多頭 | KD死叉 | 外投同步買進
2026-01-12,242.76,251.2,240.77,245.74,30540,3559.0,2164.0,-397.0,5326.0,41409,332,1812,20,244.84,237.99,230.57,229.61,43566,27019,4.61,2.87,1.74,54.85,62.98,60.02,253.03,230.57,208.11,0.8377,0.37,6.58,0.7,MACD多頭 | KD死叉 | 法人強勢買超 | 外投同步買進
2026-01-13,250.2,258.64,246.23,258.64,88827,27392.0,1390.0,578.0,29360.0,45431,464,10318,160,246.23,241.76,231.71,230.95,49174,30609,5.93,3.48,2.45,73.84,62.73,66.7,257.39,231.71,206.04,1.0244,5.04,11.62,1.81,MACD多頭 | KD金叉 | 法人強勢買超 | 外投同步買進
2026-01-14,266.09,282.97,263.61,276.52,129995,-4042.0,7556.0,1327.0,4841.0,47907,611,11045,196,251.3,247.03,234.07,232.51,65828,36283,8.33,4.45,3.88,85.52,71.4,73.35,266.59,234.07,201.55,1.1527,10.04,18.14,1.97,MACD多頭 | KD超買 | RSI超買
2026-01-15,278.01,282.97,270.56,271.55,73910,-6828.0,2422.0,-254.0,-4660.0,44863,524,4144,31,258.45,251.25,236.58,233.79,69484,38661,9.72,5.51,4.21,88.47,82.61,69.21,272.53,236.58,200.62,0.9863,5.07,14.78,1.06,MACD多頭 | KD超買
2026-01-16,277.01,281.98,266.09,280.98,80941,10340.0,2581.0,-39.0,12882.0,46509,669,8578,226,266.69,255.42,239.65,235.08,80843,42014,11.45,6.69,4.75,87.15,87.04,72.4,279.73,239.65,199.58,1.0156,5.36,17.25,1.0,MACD多頭 | KD超買 | RSI超買 | 法人強勢買超 | 外投同步買進
2026-01-19,282.97,297.86,276.02,293.39,102642,-4916.0,6623.0,1057.0,2764.0,48221,762,9180,169,276.22,260.53,243.5,236.53,95263,46380,13.66,8.09,5.57,88.79,88.14,75.92,288.65,243.5,198.35,1.0525,6.22,20.49,1.08,MACD多頭 | KD超買 | RSI超買
2026-01-20,286.94,289.92,282.97,287.44,53528,-13566.0,2293.0,-332.0,-11605.0,47600,718,3776,55,281.98,264.1,246.85,237.58,88203,48305,14.77,9.42,5.34,91.04,89.0,71.22,294.66,246.85,199.05,0.9245,1.94,16.44,0.61,MACD多頭 | KD超買 | RSI超買 | 法人強勢賣超
2026-01-21,279.99,285.45,275.03,275.52,55568,-262.0,-79.0,-817.0,-1158.0,45060,489,4466,24,281.78,266.54,249.41,238.06,73318,50588,14.51,10.44,4.07,80.92,86.92,62.84,297.62,249.41,201.19,0.7708,-2.22,10.47,0.76,MACD多頭 | KD死叉 | KD超買 | 外投同步拋售
2026-01-22,285.45,297.86,284.46,293.89,74378,20181.0,3691.0,70.0,23942.0,44578,662,5268,221,286.24,272.34,253.06,238.89,73411,53794,15.61,11.48,4.14,80.89,84.28,68.91,303.2,253.06,202.92,0.9072,2.67,16.13,1.01,MACD多頭 | KD死叉 | KD超買 | 法人強勢買超 | 外投同步買進
2026-01-23,299.85,302.33,288.43,289.42,41416,-4719.0,516.0,-156.0,-4359.0,43515,504,2963,13,287.93,277.31,256.48,239.61,65506,55334,15.94,12.37,3.57,78.56,80.12,66.08,306.74,256.48,206.23,0.8277,0.52,12.84,0.63,MACD多頭 | KD死叉
2026-01-26,291.41,291.91,282.97,284.96,24134,-4235.0,-6.0,-227.0,-4468.0,42633,476,1899,16,286.25,281.23,259.61,240.24,49805,56153,15.66,13.03,2.63,75.06,78.17,63.29,308.71,259.61,210.51,0.7581,-0.45,9.76,0.48,MACD多頭 | KD死叉 | 外投同步拋售
2026-01-27,286.44,292.9,285.95,292.9,28168,7895.0,-912.0,-204.0,6779.0,41839,507,1636,37,287.34,284.66,263.21,241.0,44733,57048,15.9,13.6,2.3,68.7,74.11,66.04,310.9,263.21,215.52,0.8113,1.93,11.28,0.63,MACD多頭 | KD死叉 | 法人強勢買超
2026-01-28,294.88,294.88,279.99,283.47,45089,-16071.0,-79.0,-249.0,-16399.0,42473,474,4020,27,288.93,285.35,266.19,241.53,42637,58342,15.15,13.91,1.24,59.03,67.6,60.26,310.88,266.19,221.5,0.6933,-1.89,6.49,1.06,MACD多頭 | KD死叉 | 法人強勢賣超 | 外投同步拋售
2026-01-29,283.96,283.96,273.04,275.03,37547,5627.0,962.0,-359.0,6230.0,40587,431,2046,38,285.16,285.7,268.47,242.17,35271,58526,13.71,13.87,-0.16,42.91,56.88,55.57,309.78,268.47,227.17,0.5794,-3.55,2.44,1.06,MACD空頭 | KD死叉 | 法人強勢買超 | 外投同步買進
2026-01-30,276.02,279.99,272.05,275.52,23058,-4165.0,-104.0,-241.0,-4510.0,41100,432,1772,20,282.38,285.15,270.29,242.9,31599,57052,12.47,13.59,-1.12,22.07,41.34,55.79,309.32,270.29,231.25,0.5671,-2.43,1.93,0.73,MACD空頭 | KD死叉 | 外投同步拋售
2026-02-02,265.1,268.08,253.68,256.16,41082,-250.0,-1716.0,-130.0,-2096.0,40117,335,2114,58,276.62,281.43,270.98,243.2,34989,55906,9.82,12.84,-3.02,7.78,24.25,46.26,308.37,270.98,233.59,0.3018,-7.4,-5.47,1.17,MACD空頭 | KD超賣 | 外投同步拋售
2026-02-03,268.08,268.08,257.65,264.6,21647,1102.0,-424.0,17.0,695.0,39959,321,1025,37,270.96,279.15,271.63,243.73,33685,53949,8.3,11.93,-3.63,13.0,14.29,50.25,308.05,271.63,235.2,0.4036,-2.35,-2.59,0.64,MACD空頭 | KD超賣
2026-02-04,260.63,266.09,259.14,265.1,13702,-1361.0,-584.0,28.0,-1917.0,40066,314,701,8,267.28,278.1,272.32,244.34,27407,52298,7.05,10.95,-3.9,17.01,12.6,50.48,307.62,272.32,237.03,0.3977,-0.82,-2.65,0.5,MACD空頭 | KD金叉 | KD超賣 | 外投同步拋售
2026-02-05,262.62,264.1,255.17,256.16,18219,-2796.0,-2458.0,-108.0,-5362.0,40499,291,1161,18,263.51,274.33,273.34,244.79,23542,50427,5.28,9.82,-4.54,17.31,15.77,46.28,305.21,273.34,241.47,0.2305,-2.79,-6.29,0.77,MACD空頭 | KD金叉 | KD超賣 | 法人強勢賣超 | 外投同步拋售
2026-02-06,248.72,252.19,241.77,246.73,29233,-757.0,-1895.0,15.0,-2637.0,40020,253,1060,7,257.75,270.06,273.69,245.09,24777,50681,3.08,8.47,-5.39,12.94,15.75,42.29,304.14,273.69,243.24,0.0574,-4.28,-9.85,1.18,MACD空頭 | KD超賣 | 外投同步拋售
2026-02-09,255.17,255.17,248.22,248.22,15912,-1128.0,-1740.0,-64.0,-2932.0,39662,246,790,1,256.16,266.39,273.81,245.2,19743,49950,1.44,7.06,-5.62,9.17,13.14,43.12,303.8,273.81,243.82,0.0733,-3.1,-9.35,0.81,MACD空頭 | KD超賣 | 外投同步拋售
2026-02-10,253.68,256.16,248.72,252.19,17436,-1598.0,-443.0,79.0,-1962.0,39835,237,919,2,253.68,262.32,273.49,245.54,18900,46380,0.46,5.74,-5.29,15.39,12.5,45.39,304.29,273.49,242.69,0.1543,-0.59,-7.79,0.92,MACD空頭 | KD金叉 | KD超賣 | 外投同步拋售
2026-02-11,254.18,254.18,250.7,254.18,16638,439.0,-1506.0,90.0,-977.0,39553,217,591,3,251.5,259.39,272.37,246.03,19488,40712,-0.16,4.56,-4.72,23.1,15.89,46.54,304.31,272.37,240.43,0.2152,1.07,-6.68,0.85,MACD空頭 | KD金叉
2026-02-23,279.49,279.49,275.52,279.49,35101,18100.0,-242.0,-464.0,17394.0,38573,311,2438,100,256.16,259.83,272.77,246.89,22864,38772,1.38,3.93,-2.55,52.39,30.3,58.52,304.86,272.77,240.68,0.6047,9.11,2.46,1.54,MACD空頭 | KD金叉 | 法人強勢買超
2026-02-24,284.96,301.83,283.47,298.86,80385,33620.0,2175.0,851.0,36646.0,35454,410,3477,121,266.59,262.17,273.66,248.15,33094,38744,4.11,3.96,0.15,75.84,50.44,64.99,307.66,273.66,239.67,0.8706,12.1,9.21,2.43,MACD多頭 | KD金叉 | 法人強勢買超 | 外投同步買進
2026-02-25,303.82,304.32,289.92,297.86,36041,-2832.0,-241.0,185.0,-2888.0,36030,367,2454,44,276.52,266.34,273.88,249.3,37120,35414,6.13,4.39,1.73,94.91,74.38,64.43,308.48,273.88,239.29,0.8465,7.72,8.76,0.97,MACD多頭 | KD超買 | 外投同步拋售
2026-02-26,296.37,297.86,286.94,295.88,45763,3094.0,-3036.0,635.0,693.0,36377,366,2911,20,285.25,269.47,274.31,250.44,42786,35026,7.48,5.01,2.47,90.41,87.05,63.27,309.79,274.31,238.82,0.804,3.73,7.86,1.07,MACD多頭 | KD超買
2026-03-02,279.99,295.38,279.99,289.92,29397,4918.0,-175.0,423.0,5166.0,36397,343,2356,51,292.4,271.95,275.03,251.43,45337,33717,7.97,5.6,2.37,84.39,89.9,59.78,311.19,275.03,238.86,0.7059,-0.85,5.41,0.65,MACD多頭 | KD死叉 | KD超買 | 法人強勢買超
2026-03-03,296.37,296.87,278.01,278.5,41370,-6719.0,442.0,-310.0,-6587.0,36117,294,2436,12,292.2,274.18,274.26,252.29,46591,32067,7.36,5.96,1.41,72.49,82.43,53.68,309.37,274.26,239.14,0.5604,-4.69,1.55,0.89,MACD多頭 | KD死叉 | 法人強勢賣超
2026-03-04,268.08,273.04,254.18,257.15,41218,-5089.0,1098.0,-491.0,-4482.0,35773,295,2299,53,283.86,275.23,272.64,252.74,38758,32057,5.1,5.78,-0.69,48.71,68.53,44.53,307.79,272.64,237.5,0.2796,-9.41,-5.68,1.06,MACD空頭 | KD死叉
2026-03-05,269.07,272.54,262.12,265.59,24941,464.0,57.0,-111.0,410.0,35799,271,1196,25,277.41,276.96,271.68,253.26,36538,32097,3.94,5.41,-1.48,32.3,51.16,48.28,306.46,271.68,236.89,0.4125,-4.26,-2.24,0.68,MACD空頭 | KD死叉 | 外投同步買進
2026-03-06,264.1,267.58,260.13,263.11,15046,-3646.0,-784.0,-12.0,-4442.0,36338,276,1058,25,270.85,278.05,270.19,253.75,30394,31441,2.78,4.89,-2.1,20.25,33.75,47.27,303.67,270.19,236.7,0.3943,-2.86,-2.62,0.5,MACD空頭 | KD死叉 | 外投同步拋售
2026-03-09,240.77,246.73,238.29,246.73,28977,-4391.0,563.0,-350.0,-4178.0,35145,250,856,32,262.22,277.31,268.35,254.08,30310,30636,0.54,4.02,-3.48,19.45,24.0,41.13,302.78,268.35,233.91,0.1861,-5.91,-8.06,0.96,MACD空頭 | KD超賣
2026-03-10,258.15,262.12,251.2,256.66,21214,-1809.0,610.0,-16.0,-1215.0,35684,274,1081,37,257.85,275.03,267.43,254.59,26279,29819,-0.43,3.13,-3.56,19.47,19.72,45.73,302.09,267.43,232.77,0.3446,-0.46,-4.03,0.81,MACD空頭 | KD超賣
2026-03-11,262.12,265.59,261.13,262.62,18311,-2484.0,-150.0,262.0,-2372.0,35551,271,1385,10,258.94,271.4,266.79,255.12,21698,29582,-0.71,2.36,-3.07,27.15,22.02,48.34,301.3,266.79,232.28,0.4396,1.42,-1.56,0.84,MACD空頭 | KD金叉 | 外投同步拋售
2026-03-12,258.15,258.64,248.22,249.71,25512,-9414.0,-270.0,72.0,-9612.0,36342,255,1589,18,255.77,266.59,266.46,255.38,21812,28803,-1.95,1.5,-3.45,29.39,25.34,43.47,301.51,266.46,231.42,0.261,-2.37,-6.29,1.17,MACD空頭 | KD金叉 | 法人強勢賣超 | 外投同步拋售
2026-03-13,244.25,257.65,244.25,256.16,14366,2867.0,-342.0,5.0,2530.0,36121,269,617,35,254.38,262.62,266.04,255.72,21676,28439,-2.38,0.72,-3.11,30.28,28.94,46.38,301.38,266.04,230.7,0.3602,0.7,-3.71,0.66,MACD空頭 | KD金叉
2026-03-16,258.15,259.64,253.18,258.15,14364,-1093.0,244.0,-30.0,-879.0,36668,237,989,17,256.66,259.44,265.69,256.1,18753,28472,-2.54,0.07,-2.61,35.72,31.79,47.28,301.21,265.69,230.18,0.3938,0.58,-2.84,0.77,MACD空頭 | KD金叉
2026-03-17,262.12,283.96,261.13,283.96,52742,3479.0,1329.0,814.0,5622.0,38352,242,5775,68,262.12,259.98,267.08,256.87,25059,30198,-0.57,-0.06,-0.51,62.55,42.85,57.3,303.2,267.08,230.97,0.7336,8.33,6.32,2.1,MACD空頭 | KD金叉 | 法人強勢買超 | 外投同步買進
2026-03-18,289.92,293.89,274.53,278.5,58759,-3080.0,-898.0,211.0,-3767.0,40014,97,5240,0,265.3,262.12,268.67,257.45,33149,31675,0.54,0.06,0.48,76.49,58.25,54.92,303.8,268.67,233.54,0.6399,4.98,3.66,1.77,MACD多頭 | KD金叉 | 外投同步拋售
2026-03-19,271.55,281.48,270.06,273.04,31568,4626.0,-3039.0,173.0,1760.0,38980,64,1594,6,269.96,262.86,269.91,258.1,34360,32457,0.97,0.24,0.73,78.27,72.44,52.57,303.73,269.91,236.1,0.5462,1.14,1.16,0.92,MACD多頭 | KD金叉
2026-03-20,278.01,284.96,264.6,269.07,30414,-4670.0,322.0,-363.0,-4711.0,39266,4,1519,0,272.54,263.46,270.76,258.65,37569,33106,0.98,0.39,0.59,61.61,72.12,50.87,303.54,270.76,237.98,0.4743,-1.27,-0.62,0.81,MACD多頭 | KD死叉
2026-03-23,253.18,256.16,248.72,251.2,27423,-5497.0,-1114.0,-480.0,-7091.0,37574,0,1849,0,271.15,263.91,270.61,259.02,40181,33646,-0.45,0.22,-0.67,42.17,60.68,43.96,303.73,270.61,237.49,0.207,-7.36,-7.17,0.68,MACD空頭 | KD死叉 | 法人強勢賣超 | 外投同步拋售
2026-03-24,256.16,256.16,244.25,248.72,18075,-1580.0,-776.0,-158.0,-2514.0,37521,0,1070,0,264.11,263.11,269.07,259.47,33248,32794,-1.77,-0.17,-1.59,24.34,42.7,43.08,303.29,269.07,234.85,0.2027,-5.83,-7.56,0.54,MACD空頭 | KD死叉 | 外投同步拋售
2026-03-25,255.67,261.13,255.17,258.15,13486,5206.0,-2.0,102.0,5306.0,36612,0,735,0,260.04,262.67,267.03,260.12,24193,29449,-2.02,-0.54,-1.48,17.0,27.83,47.37,298.53,267.03,235.54,0.359,-0.73,-3.33,0.56,MACD空頭 | KD超賣 | 法人強勢買超
2026-03-26,257.15,266.09,257.15,260.13,13321,2869.0,-18.0,36.0,2887.0,36416,35,922,35,257.45,263.71,265.15,260.84,20544,28313,-2.04,-0.84,-1.2,23.0,21.45,48.25,293.2,265.15,237.09,0.4106,1.04,-1.89,0.65,MACD空頭 | KD金叉
2026-03-27,256.16,259.14,251.69,258.15,11515,-679.0,15.0,303.0,-361.0,36591,36,779,12,255.27,263.91,263.26,261.47,16764,26601,-2.19,-1.11,-1.08,29.33,23.11,47.4,287.42,263.26,239.1,0.3942,1.13,-1.94,0.69,MACD空頭 | KD金叉
2026-03-30,251.69,256.16,248.22,256.16,12142,-705.0,570.0,-5.0,-140.0,35976,37,480,14,256.26,263.71,261.57,262.0,13708,25738,-2.44,-1.38,-1.06,27.99,26.78,46.51,282.37,261.57,240.77,0.3699,-0.04,-2.07,0.89,MACD空頭 | KD金叉
2026-03-31,254.67,256.66,241.27,241.77,19775,-5835.0,62.0,-117.0,-5890.0,35831,59,1208,40,254.87,259.49,259.74,262.35,14048,24658,-3.76,-1.86,-1.9,17.71,25.01,40.56,280.73,259.74,238.74,0.0721,-5.14,-6.92,1.41,MACD空頭 | KD超賣 | 法人強勢賣超
2026-04-01,250.7,254.18,249.21,249.71,11741,2068.0,-513.0,-21.0,1534.0,36149,61,1070,8,253.18,256.61,259.36,262.83,13699,23185,-4.12,-2.31,-1.81,14.82,20.18,44.76,280.81,259.36,237.92,0.2749,-1.37,-3.72,0.86,MACD空頭 | KD超賣
2026-04-02,254.18,255.17,243.25,244.25,13336,-2154.0,-45.0,35.0,-2164.0,35919,58,446,26,250.01,253.73,258.3,263.19,13702,22604,-4.78,-2.8,-1.98,10.82,14.45,42.53,280.55,258.3,236.05,0.1843,-2.3,-5.44,0.97,MACD空頭 | KD超賣 | 外投同步拋售
2026-04-07,248.22,255.17,247.72,254.18,12566,4393.0,-85.0,37.0,4345.0,35457,61,250,24,249.21,252.24,257.85,263.75,13912,22480,-4.46,-3.13,-1.33,27.78,17.81,47.63,280.05,257.85,235.65,0.4173,1.99,-1.42,0.9,MACD空頭 | KD金叉
2026-04-08,265.59,271.55,262.12,269.57,22773,11387.0,-181.0,204.0,11410.0,34609,105,823,53,251.9,254.08,258.99,264.51,16038,22170,-2.93,-3.09,0.17,52.49,30.37,54.38,281.13,258.99,236.85,0.7389,7.01,4.09,1.42,MACD多頭 | KD金叉 | 法人強勢買超
2026-04-09,274.03,279.99,271.06,279.49,33963,19082.0,-138.0,72.0,19016.0,33015,203,1170,100,259.44,257.16,260.13,265.35,18876,22808,-0.9,-2.65,1.75,81.39,53.89,58.13,284.05,260.13,236.22,0.9046,7.73,7.44,1.8,MACD多頭 | KD超買 | 法人強勢買超
2026-04-10,287.93,289.92,280.98,282.97,31492,14709.0,-124.0,35.0,14620.0,30835,246,560,52,266.09,259.64,261.15,266.07,22826,23467,0.97,-1.93,2.9,92.63,75.51,59.39,287.15,261.15,235.15,0.9195,6.34,8.36,1.38,MACD多頭 | KD超買 | 法人強勢買超
2026-04-13,298.36,308.78,289.92,301.34,96000,22704.0,2031.0,1689.0,26424.0,35708,535,11469,314,277.51,263.76,263.73,267.06,39359,26991,3.9,-0.76,4.66,91.13,88.39,65.32,294.73,263.73,232.74,1.1067,8.59,14.26,2.44,MACD多頭 | KD超買 | 法人強勢買超 | 外投同步買進
2026-04-14,309.28,311.76,296.87,309.78,69139,10188.0,3708.0,637.0,14533.0,34367,605,4559,151,288.63,268.92,266.41,268.03,50673,29730,6.81,0.75,6.06,90.63,91.46,67.66,303.35,266.41,229.47,1.087,7.33,16.28,1.36,MACD多頭 | KD死叉 | KD超買 | 法人強勢買超 | 外投同步買進
2026-04-15,319.21,329.63,314.25,319.71,74638,4642.0,1542.0,227.0,6411.0,35497,822,5042,316,298.66,275.28,269.49,269.17,61046,32743,9.82,2.56,7.25,91.56,91.11,70.2,313.18,269.49,225.81,1.0748,7.05,18.64,1.22,MACD多頭 | KD超買 | RSI超買 | 法人強勢買超 | 外投同步買進
2026-04-16,317.72,329.14,302.33,322.68,67202,8172.0,1218.0,-242.0,9148.0,32094,991,2997,248,307.3,283.37,271.43,270.62,67694,33466,12.29,4.51,7.78,92.55,91.58,70.94,320.87,271.43,221.99,1.0184,5.0,18.88,0.99,MACD多頭 | KD超買 | RSI超買 | 法人強勢買超 | 外投同步買進
2026-04-17,327.65,334.1,313.75,314.25,48903,-3640.0,27.0,-273.0,-3886.0,31182,751,3191,34,313.55,289.82,273.22,271.86,71176,32974,13.42,6.29,7.13,85.83,89.98,65.96,326.19,273.22,220.24,0.8873,0.22,15.02,0.69,MACD多頭 | KD死叉 | KD超買
2026-04-20,317.72,327.15,313.25,317.22,30695,778.0,-123.0,-80.0,575.0,30530,822,1601,96,316.73,297.12,275.42,273.05,58115,32930,14.39,7.91,6.48,81.84,86.74,66.84,331.93,275.42,218.92,0.8698,0.15,15.18,0.53,MACD多頭 | KD死叉 | KD超買
2026-04-21,323.68,326.66,314.74,320.7,32768,9202.0,-2348.0,-201.0,6653.0,29927,940,1375,163,318.91,303.77,278.01,274.08,50841,33048,15.26,9.38,5.88,77.44,81.7,67.89,337.91,278.01,218.11,0.8564,0.56,15.36,0.64,MACD多頭 | KD死叉 | 法人強勢買超
2026-04-22,326.66,326.66,313.25,313.25,29016,-3956.0,-1004.0,-471.0,-5431.0,29717,832,1519,11,317.62,308.14,281.11,274.7,41717,33127,15.17,10.54,4.63,72.01,77.1,63.27,341.59,281.11,220.63,0.7657,-1.38,11.43,0.7,MACD多頭 | KD死叉 | 法人強勢賣超 | 外投同步拋售
2026-04-23,313.75,317.72,287.44,292.9,56753,-1181.0,-816.0,-892.0,-2889.0,28773,425,3655,65,311.66,309.48,283.32,275.05,39627,35061,13.31,11.09,2.22,50.4,66.62,52.7,342.02,283.32,224.62,0.5816,-6.02,3.38,1.43,MACD多頭 | KD死叉 | 外投同步拋售
2026-04-24,293.39,298.86,287.93,294.88,31605,1249.0,-3032.0,-136.0,-1919.0,29058,453,1394,77,307.79,310.67,285.15,275.28,36167,35967,11.86,11.25,0.61,29.47,50.63,53.51,342.83,285.15,227.48,0.5843,-4.19,3.41,0.87,MACD多頭 | KD死叉
2026-04-27,297.86,307.79,290.42,302.83,32412,3311.0,444.0,-55.0,3700.0,28367,666,2246,258,304.91,310.82,287.29,275.44,36511,36922,11.22,11.24,-0.02,20.21,33.36,56.73,344.22,287.29,230.36,0.6365,-0.68,5.41,0.89,MACD空頭 | KD死叉 | 外投同步買進
2026-04-28,307.79,326.66,304.81,324.17,49765,3469.0,3544.0,409.0,7422.0,29511,759,3866,149,305.61,312.26,290.59,276.05,39910,38834,12.29,11.45,0.84,42.55,30.74,63.95,348.06,290.59,233.12,0.7922,6.07,11.56,1.25,MACD多頭 | KD金叉 | 法人強勢買超 | 外投同步買進
2026-04-29,322.68,326.16,315.24,319.71,27496,3059.0,-2484.0,118.0,693.0,28893,583,1244,19,306.9,312.26,293.77,276.79,39606,39602,12.64,11.69,0.95,60.29,41.02,61.63,350.24,293.77,237.3,0.7297,4.17,8.83,0.69,MACD多頭 | KD金叉
2026-04-30,320.7,330.63,314.74,314.74,34587,231.0,-111.0,184.0,304.0,28232,450,1730,18,311.27,311.47,297.42,277.14,35173,40342,12.37,11.82,0.54,70.36,57.73,59.07,348.96,297.42,245.88,0.6681,1.11,5.82,0.98,MACD多頭 | KD金叉
2026-05-04,324.67,342.54,311.76,340.06,53411,10072.0,89.0,593.0,10754.0,29956,622,4721,202,320.3,314.05,301.93,277.98,39534,42426,14.03,12.27,1.77,75.96,68.87,66.67,351.68,301.93,252.19,0.8832,6.17,12.63,1.35,MACD多頭 | KD金叉 | 法人強勢買超 | 外投同步買進
2026-05-05,342.05,354.95,338.57,346.02,38974,728.0,149.0,137.0,1014.0,29414,605,2160,33,328.94,316.93,307.02,279.0,40847,43708,15.66,12.94,2.71,81.83,76.05,68.17,352.56,307.02,261.48,0.9282,5.19,12.7,0.95,MACD多頭 | KD超買 | 外投同步買進
2026-05-06,357.44,358.92,328.64,335.59,43189,-2555.0,1080.0,-118.0,-1593.0,27858,488,2375,7,331.22,318.42,311.09,279.71,39531,45239,15.92,13.54,2.38,83.21,80.33,62.85,350.94,311.09,271.24,0.8074,1.32,7.88,1.09,MACD多頭 | KD超買
2026-05-07,343.04,368.85,335.1,368.85,51576,6683.0,2180.0,448.0,9311.0,28843,821,4374,350,341.05,323.98,316.06,281.13,44347,46679,18.59,14.55,4.04,84.71,83.25,70.71,358.76,316.06,273.35,1.1181,8.15,16.7,1.16,MACD多頭 | KD超買 | RSI超買 | 法人強勢買超 | 外投同步買進
2026-05-08,387.22,397.15,366.87,386.23,94993,667.0,6097.0,191.0,6955.0,29797,885,5174,128,355.35,333.31,321.39,282.99,56429,49731,21.86,16.01,5.85,85.71,84.54,73.82,370.98,321.39,271.81,1.1538,8.69,20.17,1.68,MACD多頭 | KD超買 | RSI超買 | 法人強勢買超 | 外投同步買進
2026-05-11,391.69,395.66,367.36,388.71,50647,-9080.0,6828.0,53.0,-2199.0,30410,859,2965,73,365.08,342.69,326.68,284.87,55876,50688,24.37,17.68,6.69,93.54,87.99,74.25,381.31,326.68,272.05,1.0677,6.47,18.99,0.91,MACD多頭 | KD超買 | RSI超買
2026-05-12,396.16,426.94,387.72,416.51,61942,-1289.0,1700.0,394.0,805.0,35048,969,7004,171,379.18,354.06,332.44,287.55,60469,48986,28.28,19.8,8.48,90.52,89.93,78.43,398.83,332.44,266.04,1.1331,9.84,25.29,1.02,MACD多頭 | KD超買 | RSI超買
2026-05-13,407.08,424.45,401.12,417.01,52265,-4993.0,6081.0,81.0,1169.0,34465,958,2856,73,395.46,363.34,337.8,290.09,62285,48142,31.06,22.05,9.01,91.06,91.71,78.5,413.2,337.8,262.4,1.0253,5.45,23.45,0.84,MACD多頭 | KD死叉 | KD超買 | RSI超買
2026-05-14,458.71,458.71,458.71,458.71,16396,-3584.0,-165.0,-102.0,-3851.0,37837,1033,4624,80,413.43,377.24,344.75,293.31,55249,45230,36.21,24.89,11.32,94.11,91.9,83.23,436.89,344.75,252.61,1.1184,10.95,33.06,0.3,MACD多頭 | KD超買 | RSI超買 | 外投同步拋售
2026-05-15,458.71,488.99,444.31,452.25,114743,5182.0,6011.0,4.0,11197.0,33646,948,5388,148,426.64,390.99,351.23,296.58,59199,47607,39.32,27.77,11.54,89.49,91.55,80.28,454.4,351.23,248.06,0.9896,6.0,28.76,1.94,MACD多頭 | KD死叉 | KD超買 | RSI超買 | 法人強勢買超 | 外投同步買進
2026-05-18,471.62,497.43,464.17,497.43,90065,-4617.0,6849.0,-700.0,1532.0,37314,1549,8245,709,448.38,406.73,360.39,300.76,67082,49665,44.91,31.2,13.71,92.36,91.99,84.43,480.82,360.39,239.96,1.069,10.94,38.03,1.34,MACD多頭 | KD超買 | RSI超買
2026-05-19,497.43,512.32,482.04,493.46,87506,-1154.0,5346.0,93.0,4285.0,33740,1333,3900,86,463.77,421.48,369.2,304.85,72195,52505,48.46,34.65,13.81,88.82,90.22,82.79,501.53,369.2,236.87,0.9695,6.4,33.66,1.21,MACD多頭 | KD死叉 | KD超買 | RSI超買
2026-05-20,510.34,541.12,499.42,516.3,83355,-8096.0,10048.0,-606.0,1346.0,37560,1355,7494,103,483.63,439.55,378.98,309.25,78413,55035,52.51,38.22,14.29,91.7,90.96,84.64,524.48,378.98,233.49,0.9719,6.76,36.23,1.06,MACD多頭 | KD超買 | RSI超買
2026-05-21,557.0,567.92,556.01,567.92,24105,-2745.0,305.0,59.0,-2381.0,40912,1512,4967,268,505.47,459.45,391.71,314.48,79955,54789,59.2,42.42,16.79,91.7,90.74,87.84,556.31,391.71,227.12,1.0353,12.35,44.98,0.3,MACD多頭 | KD超買 | RSI超買
2026-05-22,600.69,624.52,595.73,624.52,72183,-68.0,2114.0,934.0,2980.0,43792,1901,7433,600,539.93,483.28,408.29,320.23,71443,55561,68.29,47.59,20.7,95.25,92.89,90.24,596.15,408.3,220.44,1.0755,15.67,52.96,1.01,MACD多頭 | KD超買 | RSI超買
2026-05-25,674.16,686.08,657.28,686.08,65747,-927.0,2958.0,214.0,2245.0,44615,1858,4777,272,577.66,513.02,427.86,326.68,66579,57268,79.54,53.98,25.56,100.0,95.65,92.07,645.15,427.86,210.56,1.0942,18.77,60.35,0.99,MACD多頭 | KD超買 | RSI超買
2026-05-26,669.2,673.17,626.5,656.29,27485,-3752.0,124.0,553.0,-3075.0,46046,1614,3910,46,610.22,537.0,445.53,332.66,54575,57022,85.07,60.2,24.87,95.89,97.05,83.87,677.03,445.53,214.02,0.9552,7.55,47.31,0.5,MACD多頭 | KD死叉 | KD超買 | RSI超買
2026-05-27,678.13,721.82,678.13,696.01,23677,-3390.0,41.0,582.0,-2767.0,47178,1521,3568,49,646.16,564.9,464.12,339.32,42639,55717,91.6,66.48,25.12,92.79,96.23,85.7,713.62,464.12,214.62,0.9647,7.71,49.96,0.56,MACD多頭 | KD死叉 | KD超買 | RSI超買
2026-05-28,703.95,763.52,703.95,736.71,23498,-1412.0,26.0,391.0,-995.0,47038,1544,3538,105,679.92,592.7,484.97,346.77,42518,55517,98.93,72.97,25.96,89.81,92.83,87.29,752.68,484.97,217.26,0.9702,8.35,51.91,0.55,MACD多頭 | KD死叉 | KD超買 | RSI超買
2026-05-29,769.48,778.41,729.76,732.74,27645,-5438.0,278.0,-33.0,-5193.0,49023,1600,3795,206,701.57,620.75,505.87,354.34,33610,55170,103.22,79.02,24.2,88.78,90.46,86.28,782.74,505.87,229.0,0.9097,4.44,44.85,0.82,MACD多頭 | KD死叉 | KD超買 | RSI超買 | 法人強勢賣超
2026-06-01,759.55,805.22,759.55,784.37,30698,2259.0,-13.0,184.0,2430.0,52418,1402,4930,57,721.22,649.44,528.09,363.13,26601,54034,109.52,85.12,24.4,89.61,89.4,88.19,819.83,528.09,236.34,0.9392,8.76,48.53,1.15,MACD多頭 | KD超買 | RSI超買
2026-06-02,765.51,840.97,751.61,839.97,21640,1073.0,113.0,10.0,1196.0,52794,1058,2709,105,757.96,684.09,552.78,372.7,25432,53168,117.65,91.63,26.02,92.47,90.29,89.83,862.7,552.78,242.87,0.9633,10.82,51.95,0.85,MACD多頭 | KD超買 | RSI超買 | 外投同步買進
2026-06-03,804.23,837.99,804.23,814.16,15243,-5655.0,-326.0,235.0,-5746.0,54299,842,2494,26,781.59,713.88,576.71,381.89,23745,51770,120.62,97.42,23.19,93.97,92.02,83.99,889.9,576.71,263.52,0.8791,4.17,41.17,0.64,MACD多頭 | KD超買 | RSI超買 | 法人強勢賣超 | 外投同步拋售
2026-06-04,769.48,782.39,737.71,737.71,20895,-6558.0,245.0,-80.0,-6393.0,55542,721,3614,23,781.79,730.86,595.15,390.07,23224,50236,115.47,101.03,14.44,80.19,88.88,69.57,900.14,595.15,290.17,0.7337,-5.64,23.95,0.9,MACD多頭 | KD死叉 | KD超買 | 法人強勢賣超
2026-06-05,702.96,772.46,665.23,763.52,26975,-1818.0,798.0,97.0,-923.0,55285,442,5093,30,787.95,744.76,614.02,398.52,23090,46836,112.18,103.26,8.92,68.27,80.81,71.36,911.17,614.02,316.87,0.7516,-3.1,24.35,1.17,MACD多頭 | KD死叉 | RSI超買
2026-06-08,688.06,745.65,688.06,745.65,23964,-6604.0,419.0,-363.0,-6548.0,57022,31,5863,0,780.2,750.71,631.87,406.57,21743,45501,106.9,103.99,2.91,53.83,67.43,68.37,914.56,631.87,349.17,0.7012,-4.43,18.01,1.1,MACD多頭 | KD死叉 | 法人強勢賣超
2026-06-09,784.37,820.12,766.5,820.12,48460,-12595.0,2421.0,-123.0,-10297.0,57932,0,6970,0,776.23,767.1,652.05,416.07,27107,44827,107.48,104.69,2.79,65.93,62.68,73.38,927.55,652.05,376.55,0.805,5.65,25.78,1.79,MACD多頭 | KD金叉 | RSI超買 | 法人強勢賣超
2026-06-10,857.84,901.53,797.28,813.17,92059,-6206.0,8363.0,-608.0,1549.0,53183,0,7111,0,776.03,778.81,671.85,425.36,42471,46817,106.16,104.98,1.18,65.5,61.75,72.23,932.78,671.85,410.93,0.7708,4.79,21.03,2.17,MACD多頭 | KD金叉 | RSI超買
2026-06-11,843.94,854.87,755.58,836.0,113783,-14666.0,6329.0,629.0,-7708.0,55133,0,9996,0,795.69,788.74,690.72,434.99,61048,51686,105.74,105.13,0.6,74.34,68.59,73.69,941.11,690.72,440.33,0.7901,5.07,21.03,1.86,MACD多頭 | KD金叉 | RSI超買 | 法人強勢賣超
2026-06-12,919.0,919.0,852.0,855.0,86064,-817.0,4872.0,880.0,4935.0,54727,190,6506,190,813.99,800.97,710.86,444.5,72866,50252,105.71,105.25,0.47,69.89,69.91,74.87,944.73,710.86,476.99,0.8082,5.04,20.28,1.18,MACD多頭 | KD死叉 | RSI超買
2026-06-15,921.0,940.0,921.0,940.0,39733,12238.0,790.0,160.0,13188.0,55965,357,5024,229,852.86,816.53,732.98,455.53,76020,47736,111.27,106.45,4.82,82.35,75.52,79.35,965.58,732.98,500.39,0.945,10.22,28.24,0.52,MACD多頭 | KD超買 | RSI超買 | 法人強勢買超 | 外投同步買進
2026-06-16,970.0,1000.0,950.0,950.0,77130,-3388.0,3335.0,210.0,157.0,55271,359,5067,98,878.83,827.53,755.81,466.81,81754,47217,115.16,108.2,6.96,86.61,79.62,79.8,978.84,755.81,532.79,0.9353,8.1,25.69,0.94,MACD多頭 | KD超買 | RSI超買
2026-06-17,936.0,998.0,930.0,984.0,56117,-6306.0,2939.0,4.0,-3363.0,,,,,913.0,844.52,779.2,478.73,74565,45855,119.6,110.48,9.13,93.43,87.46,81.31,994.43,779.2,563.97,0.9758,7.78,26.28,0.75,MACD多頭 | KD超買 | RSI超買
